"","language_a","language_b","a_text","b_text","sentence_length_b","sentence_length_a"
"1001","de","en","· 3T-MRT mit dedizierter Spule ist die Methode der Wahl zur Abklärung der kraniomandibulären Dysfunktion..","· 3T-MRI using a dedicated coil is the method of first choice in the examination of CMD syndrome..",18,15
"1086","de","en","· Zusätzliche Evidenz von kommenden randomisierten Studien zu erwarten.","· Additional evidence expected from future randomized trials.",8,9
"1082","de","en","· Suffiziente Diagnostik essenziell zur Einordnung und Therapiefindung bei PAVK.","· Adequate diagnostic examination is essential for the classification and strategy of therapy in PAD.",15,10
"920","de","en","· Angiografiesimulatoren sind in studentischer Lehre, ärztlicher Ausbildung und Forschung sinnvoll einsetzbar..","· Angiography simulators are useful in teaching students, medical training and research..",12,12
"1047","de","en","· Anhand der Füllungsgeschwindigkeit der Kollateralen kann der Kollateralisierungs-Status bei akutem Schlaganfall bestimmt werden..","· Collateral supply in anterior circulation stroke can be defined by the velocity of collateral filling.",16,14
"1085","de","en","· Primär endovaskulärer Ansatz bei supra- und infrainguinalen Läsionen.","· Endovascular-first approach in supra- and infrainguinal lesions.",8,9
"841","de","en","· Erfahrene Radiologen verbessern die Erkennungsraten durch gezielte Inspektion klinisch wichtiger Regionen..","· Experienced radiologists improve detection rates through targeted inspection of clinically important regions..",13,12
"842","de","en","· Erfahrene Radiologen reduzieren den Zeitaufwand für die Analyse durch gezielte visuelle Aufmerksamkeit..","· Experienced radiologists reduce time spent on analysis through focused visual attention..",12,13
"923","de","en","· Zukünftige Entwicklungen sollten auch den Nutzen für erfahrene Interventionalisten erhöhen..","· Future developments should also increase the benefit for experienced interventionalists..",11,11
"818","de","en","· HIFU unterscheidet sich durch seinen nichtinvasiven Zugang und die geringe Nebenwirkungsrate..","· HIFU differs based on its noninvasive approach and low complication rate..",12,12
"819","de","en","· Mit HIFU ist eine effektive, anhaltende Schmerzlinderung in > 80 % der Patienten möglich..","· HIFU enables effective long-lasting pain relief in > 80 % of patients..",11,13
"820","de","en","· Die HIFU-assoziierte Schmerzreduktion ist unabhängig vom Tumorstadium und Metastasierungsstatus..","· HIFU-associated pain relief is independent of tumor stage and metastatic status..",12,10
"924","de","en","· Perspektivisch ist die Integration von Simulatoren in Zertifizierungsprogramme (z. B. DEGIR) anzustreben..","· Integration of simulators into certification programs (e. g. DEGIR) is to be targeted in the future..",16,12
"1084","de","en","· Ausschöpfung konservativer sowie medikamentöser Therapie vor Intervention im Stadium der intermittierenden Claudicatio.","· Interventional therapy of intermittent claudication after exhaustion of conservative and medicamentous therapy.",13,13
"1088","de","en","· Kersting J, Kamper L, Das M et al.","· Kersting J, Kamper L, Das M et al.",8,8
"926","de","en","· Kreiser K, Gehling K, Zimmer C. Simulation in Angiography – Experiences from 5 Years Teaching, Training, and Research.","· Kreiser K, Gehling K, Zimmer C. Simulation in Angiography - Experiences from 5 Years Teaching, Training, and Research.",19,19
"921","de","en","· Die Verknüpfung eines Simulators unmittelbar in eine Angiografiesuite erhöht den Realitätsgrad nochmals deutlich..","· Linking a simulator to an angiography suite increases the degree of reality even further..",15,14
"822","de","en","· Marinova M, Wilhelm-Buchstab T, Strunk H. Advanced Pancreatic Cancer: High-Intensity Focused Ultrasound (HIFU) and Other Local Ablative Therapies.","· Marinova M, Wilhelm-Buchstab T, Strunk H. Advanced Pancreatic Cancer: High-Intensity Focused Ultrasound (HIFU) and Other Local Ablative Therapies.",19,19
"796","de","en","· Medium: SWE in flüssigem Medium, „Black-Hole-Phänomen“, pseudoflüssige Läsionen, muskulotendinöse Anisotropie, intrinsische Steifigkeitsschwankungen der Sehnen und Muskeln, Tiefe der Analyse, Bewegungsartefakte.","· Medium: SWE in liquid medium, ""black hole phenomenon"", pseudo-liquid lesions, musculotendinous anisotropy, intrinsic stiffness variations of tendons and muscles, depth of analysis, movement artifacts.",25,21
"991","de","en","· Die native T1-Zeit korreliert zu kardialen und erkrankungsspezifischen Biomarkern..","· Native T1 shows promising correlation to cardiac and Fabry-specific biomarkers..",11,10
"990","de","en","· Die native T1-Zeit ist bei Patienten mit Morbus Fabry signifikant niedriger..","· Native T1 values are significantly decreased in Fabry disease..",10,12
"797","de","en","· Anwender: Parameter der Kompression, Erfassung und Messung der „region-of-interest“ (ROI-Größe, Position der ROI, Aufnahmedauer des Elastogramms).","· Operator: Region of interest compression, acquisition and measurement parameters (ROI size, ROI location, elastogram acquisition time).",17,17
"922","de","en","· Reale Patientenfälle können geübt und damit kann die Patientensicherheit erhöht werden..","· Real patient cases can be practiced and thus patient safety can be increased..",14,12
"1048","de","en","· Die relative Anflutungsverzögerung (rFTD) kann zur quantitativen Bestimmung der Kollateralisierung dienen und korreliert mit dem morphologischen Kollateralisierungs-Status..","· Relative filling time delay (rFTD) can serve for quantitative measurement of collateral flow and correlates with the morphological extent of collaterals.",22,18
"1003","de","en","· Ergebnis der Studie relevant für klinisches Verständnis und Therapie der CMD..","· Results of the study are relevant for the clinical assessment and therapy of CMD syndrome..",16,12
"816","de","en","· Zur lokalen Behandlung des nicht operablen Pankreaskarzinoms stehen unterschiedliche ablative Therapien zur Verfügung..","· Several ablative therapies are available for the local treatment of inoperable pancreatic cancer..",14,14
"1005","de","en","· Stimmer H, Ritschl L, Goetz C et al.","· Stimmer H, Ritschl L, Goetz C et al.",8,8
"1083","de","en","· Therapieentscheidung idealerweise in interdisziplinärer Fallkonferenz.","· Therapeutic decisions are ideally made in an interdisciplinary conference.",10,6
"1002","de","en","· Statistisch hochsignifikanter Zusammenhang zwischen degenerativen Veränderungen des Diskus bzw. des Gelenkknorpels und Synovialitis..","· There is a highly significant correlation between degenerative changes of the disc or cartilage and synovitis..",17,14
"817","de","en","· Die Tumormassenreduktion und Symptomlinderung stellen Hauptziele der lokalen Tumortherapie dar..","· Tumor mass and symptom reduction are main goals of local therapies..",12,11
"850","de","en","01) aller untersuchten klinischen Parameter zur myoelektrischen Steuerung einer Prothese erzielt werden.","01) in all examined clinical parameters for myoelectric control of a prosthesis could be achieved.",15,12
"1112","de","en","195 Dekompressionsoperationen an 127 Patienten wurden eingeschlossen.","127 patients who underwent 195 orbital decompressions were included.",9,7
"793","de","en","Die 2D-Scherwellen-Elastografie (2D-SWE) ist die neueste Entwicklung in der Elastografie und ermöglicht die quantitative Beurteilung der mittleren Steifigkeit in Echtzeit.","2 D shear wave elastography (2D-SWE) is the latest evolution of elastography techniques and allows real-time quantitative assessment of the medium stiffness.",21,20
"775","de","en","2. Eine 54-jährige kaukasische Frau mit einer heterozygoten Mutation (p.[K611Nfs*6],p.[Q567*]) wurde 40 Jahre betreut.","2. A 54-year-old Caucasian woman with a heterozygous mutation [p.(K611Nfs*6), p.(Q567*)] who was followed for 40 years.",17,14
"776","de","en","3. Ein 46 Jahre alter junger Mann (S.[E271K], S.[R627_E631del]).","3. A 46-year-old Caucasian male [p.(E271K), p.(R627_E631del)].",7,9
"1038","de","en","Retrospektiv wurden 50 Patienten mit akutem M1-Verschluss, bei denen nach Anfertigung eines multimodalen CTs eine DSA zur mechanischen Re-Kanalisation erfolgte, untersucht.","50 consecutive patients with acute occlusion in the M1 segment who underwent DSA for subsequent mechanical recanalization after multimodal CT were retrospectively analyzed.",23,21
"1151","de","en","Eine 24-Stunden-Blutdruckmessung mit besonderem Augenmerk auf das nächtliche Dipping des Blutdrucks ist für alle Glaukompatienten empfehlenswert.","A 24-h ambulatory blood pressure monitoring with particular attention to the nocturnal dipping is recommended for all glaucoma patients.",19,16
"1077","de","en","Zudem ist eine enge Zusammenarbeit zwischen interventioneller Radiologie und Gefäßchirurgie der Schlüssel zum Erfolg.","A close cooperation between the interventional radiologist and the vascular surgeon is the key to success.",16,14
"987","de","en","Offensichtlich reflektiert eine pathologische native T1-Zeit eine kardiale Beteiligung bei FD-Patienten.","A pathologic cardiac native T1 time obviously reflects cardiac involvement in the scope of FD at tissue level.",18,11
"1079","de","en","Die primär endovaskuläre Vorgehensweise ist mittlerweile bei der Mehrzahl auch komplexer Läsionen der Becken-Bein-Achse zum Standard geworden.","A primarily endovascular-first strategy has become the standard in the majority of even complex lesions of the lower extremity arterial system.",21,17
"830","de","en","Anonymisierte CT-Bilder von 20 Patienten mit Verdacht auf einen Schlaganfall wurden 12 Radiologen mit unterschiedlicher Berufserfahrung individuell präsentiert.","A set of anonymous CT images of 20 patients, with a suspected stroke, was individually presented to 12 radiologists with different levels of professional experience.",25,18
"957","de","en","Insgesamt wurden 100 konsekutive Patienten mit Anzeichen einer obstruktiven Sialadenopathie untersucht.","A total of 100 consecutive patients with signs of obstructive sialadenopathy were evaluated.",13,11
"1158","de","en","Integrale Voraussetzung für eine vitale Kooperation sind die zeitnahe standardisierte Dokumentation im internetbasierten System und definierte Versorgungsstrategien.","A viable cooperation requires timely, standardised documentation in an internet-based system as well as defined strategies for the provision of care.",21,17
"1165","de","en","Die Tonsillektomie zählt zu den in Deutschland am häufigsten durchgeführten Operationen, deren gefährlichste Komplikation vor allem für Kinder die Nachblutung darstellt.","Adenotonsillectomy is one of the most common surgical procedures in Germany and the most critical postoperative complication is postoperative hemorrhage, particularly for children.",23,21
"1030","de","en","Durch die Direktnaht nach Spitzy konnte im Kindesalter eine niedrige Rezidivquote von 1,1% (n = 4) erzielt werden.","After direct Spitzy suture, a low recurrence rate of 1.1% (n = 4) in infancy could be achieved.",16,16
"849","de","en","Nach dem Training mit der App konnte eine signifikante Verbesserung (p < .","After training with the app, a significant improvement (p < .",9,11
"777","de","en","Alle bemerkten einen Beginn in der Kindheit und klagten über Nachtblindheit und Photophobie.","All had noted an onset in childhood and complained of night blindness and photophobia.",14,13
"982","de","en","Zudem wurden die linksventrikuläre Funktion und Morphologie, das Vorhandensein einer Kontrastmittelspätanreicherung sowie cTnI- und Lyso-Gb3-Laborwerte ausgewertet.","Also functional parameters, left ventricular morphology, presence of late-gadolinium enhancement, cTnI- and Lyso-Gb3-Levels were evaluated.",15,16
"791","de","en","Auch zeigten sich keine Zusammenhänge zwischen Ressourcen bzw. früher Traumatisierung und der Reduktion der psychopathologischen Symptomatik.","Also, there was no significant association between resources or childhood trauma and therapy outcome.",14,16
"1159","de","en","Obwohl verschiedene pathophysiologische Erklärungen existieren (vaskuläre Dysregulation, Rolle der Lamina cribrosa) kann keine Theorie die Pathophysiologie schlüssig erklären.","Although there are several pathophysiological explanations (e. g. vascular dysregulation, the role of the lamina cribrosa), none of these explanations can fully explain its pathophysiology.",24,18
"961","de","en","Unter den wenigen falsch negativen Befunden (5,4 %) waren 71,8 % auf distale Sialolithiasis zurückzuführen.","Among the few false-negative findings (5.4 %), 71.8 % were due to distal sialolithiasis.",12,13
"813","de","en","Eine effektive und langanhaltende Reduktion von Tumorschmerzen ohne Einführen von Nadeln oder Elektroden in den Tumorbereich bietet ausschließlich das HIFU-Verfahren.","An effective and long-lasting reduction of cancer-related pain was observed following HIFU without insertion of needles or electrodes.",18,20
"782","de","en","Neben der Unterstützung durch optische Hilfsmittel wie Polarisationsfilter oder Vergrößerungshilfen ist insbesondere im Hinblick auf neu aufkommende genetische Behandlungsmöglichkeiten eine spezifische Diagnostik wichtig.","Apart from helping patients with optical aids, such as polarizing filters or magnification, a specific diagnosis is especially important in view of emerging genetic treatment options.",26,23
"1049","de","en","Daher sind adäquate prophylaktische Maßnahmen sowie eine frühzeitige Diagnose und Therapie essenziell.","Appropriate prophylaxis as well as early diagnosis and treatment are therefore mandatory.",12,12
"916","de","en","Als Resultat kontinuierlicher Weiterentwicklung der letzten Jahre sind Simulatoren mittlerweile sowohl im Studentenunterricht als auch in der ärztlichen Anfängerausbildung sehr gut einsetzbar.","As a result of continuous further development in recent years, simulators are now very well suited for both student teaching and beginner medical training.",24,22
"1034","de","en","Aufgrund der Studienergebnisse stellt die Nabelherniotomie im Kindesalter durch Direktnaht nach Spitzy seit nunmehr 100 Jahren das Mittel der Wahl und den Goldstandard dar.","As confirmed in our study, umbilical herniotomy by direct suture in childhood has been the method of choice and gold standard for more than 100 years.",26,24
"789","de","en","Wie erwartet konnten wir signifikante negative Zusammenhänge zwischen Ressourcen und Symptomatik sowie Traumatisierung und Ressourcen finden.","As expected, we found negative associations between resources and childhood trauma as well as resources and symptoms.",17,16
"1129","de","en","Zeitgleich wurde eine webbasierte Recherche der Internetauftritte der obersten Gesundheitsbehörden der Bundesländer zu offiziellen Stellungnahmen durchgeführt.","At the same time, a web-based search of the websites of the supreme health authorities of the federal states for official statements was carried out.",25,16
"874","de","en","Von den 30 Treffern der systematischen Literaturrecherche konnte, nach Screening von Titel und Abstract anhand festgelegter Ausschlusskriterien, keine Arbeit eingeschlossen werden.","Based on the exclusion criteria, all studies from the systematic literature search were excluded after title and abstract screening.",19,21
"1071","de","en","Der endovaskulär-interventionellen Therapie fällt dank rascher technischer Entwicklungen eine immer zentralere Rolle zu.","Because of rapid technical developments, interventional endovascular therapy regimens play an increasingly important role.",14,13
"1128","de","en","Im Zeitraum September 2016–Mai 2018 erfolgte per E-Mail mit behördlichen Ansprechpartnern eine Erhebung zum Umfang der UMA-Erstuntersuchungen.","Between September 2016 and May 2018, a survey on the scope of the UMA initial investigations was conducted by e-mail with official contact persons.",24,17
"1147","de","en","Aufgabe der Blutdruckregulation ist die Erhaltung eines adäquaten Herzzeitvolumens und eines ausreichenden Perfusionsdrucks für die Organe.","Blood pressure regulation aims at maintaining adequate cardiac output and a sufficient perfusion pressure for the organs.",17,16
"784","de","en","Kindheitstraumata können sich negativ auf die Ausbildung personaler und sozialer Ressourcen im Erwachsenenalter auswirken.","Childhood trauma can have a negative impact on the development of personal and social resources in later adulthood.",18,14
"1170","de","en","Ein signifikant höheres Risiko für Nachblutungen hatten Kinder mit anamnestisch häufigem Nasenbluten.","Children with frequent epistaxis had a significant higher risk of postoperative hemorrhage.",12,12
"798","de","en","In der 2D-SWE ist ein fundiertes Wissen über die physikalischen Grundlagen erforderlich, da sich Radiologen mit technischen Einschränkungen und einer Vielzahl von Artefakten auseinandersetzen müssen.","Clear knowledge of the underlying physical basis is necessary in 2D-SWE because radiologists have to deal with technical restrictions and a wide range of artifacts.",25,25
"1019","de","en","Abhängig vom Phänotyp kann auf die Gestationszeit geschlossen werden, in der die okuläre Entwicklung tiefgreifend gestört wurde.","Depending on the disease phenotype, it is possible to conclude on the gestational period in which ocular development was profoundly disrupted.",21,17
"1042","de","en","Die Unterschiede zwischen den absoluten rFTD-Werten waren nicht signifikant.","Differences of absolute rFTD values were not significant.",8,9
"866","de","en","Neue Informations- und Kommunikationstechnologien (IKT) machen es vielfach möglich, zu jeder Zeit an jedem Ort zu arbeiten.","Due to new Information and Communication Technologies (ICT), working at any time from any place has become possible.",18,17
"953","de","en","Die dynamische retinale Gefäßanalyse besitzt ein weiteres diagnostisches Anwendungsspektrum als die statische, da sie das Verhalten retinaler Gefäße zeitkontinuierlich untersucht.","Dynamic retinal vessel analysis possesses a broader spectrum of diagnostic applications than the static procedure, as it examines changes in vessel diameter continuously over time.",25,20
"1134","de","en","Die Bemühungen einer Angleichung des Untersuchungsumfanges auf Bundesebene sollten weiter vorangetrieben werden.","Efforts to harmonise the scope of the investigation at the federal level should be pursued further.",16,12
"810","de","en","Obwohl die unterschiedlichen Modalitäten überwiegend sicher durchführbar sind, bietet der HIFU mit seiner Nicht-Invasivität einen entscheidenden methodischen Vorteil.","Even though all strategies appeared to be feasible, the unique feature of noninvasiveness represents a substantial advantage of the HIFU procedure.",21,18
"975","de","en","Die extraokuläre Motilität war stets erhalten.","Extraocular movements were always preserved.",5,6
"969","de","en","Augenbewegungen wurden für alle Patienten durch Videos oder mittels Eyetracking dokumentiert.","Eye movements were quantified, either from video or eye tracking recordings, in all patients.",14,11
"867","de","en","Flexibilisierung, erweiterte Erreichbarkeit und Entgrenzung von Arbeit und Privatleben können möglicherweise daraus resultieren.","Flexibility, availability and the dissolution of boundaries between work and private life are the possible results of this development.",19,13
"942","de","en","Bei angehenden Ärzten besteht besonders im Umgang mit der Sonografie eine Lücke zwischen den gestiegenen Anforderungen im klinischen Alltag und den bisher erworbenen Fähigkeiten.","For prospective physicians, there is a gap between the increased requirements in everyday clinical practice and the skills acquired thus far, especially when dealing with sonography.",26,24
"832","de","en","Für die statistische Analyse wurden die Interobserver-Variabilität und die Genauigkeit der Läsionserkennung unter Berücksichtigung der individuellen Berufserfahrung bewertet.","For statistical analysis, the interobserver variability and accuracy of lesion detection were evaluated, taking the individual level of professional experience into account.",22,18
"823","de","en","Fortschr Röntgenstr 2019; 191: 216 – 227.","Fortschr Röntgenstr 2019; 191: 216 - 227.",5,5
"1089","de","en","Fortschr Röntgenstr 2019; DOI: 10.1055/a-0690-9365.","Fortschr Röntgenstr 2019; DOI: 10.1055/a-0690-9365.",5,5
"927","de","en","Fortschr Röntgenstr 2019; DOI: 10.1055/a-0759-2248.","Fortschr Röntgenstr 2019; DOI: 10.1055/a-0759-2248.",5,5
"1080","de","en","Weitere Evidenz wird zukünftig durch mehrere großangelegte randomisierte Multicenterstudien erwartet.","Further evidence can be expected from ongoing randomized multicenter trials.",10,10
"1045","de","en","Zur Definition valider Schwellenwerte und zur Evaluation der diagnostischen und prognostischen Relevanz sind weitere Studien nötig.","Further studies are needed to define valid thresholds for rFTD and to evaluate the diagnostic and prognostic value.",18,16
"779","de","en","Das Ganzfeld-ERG zeigte typische Anzeichen einer Stäbchen-Zapfen-Dystrophie.","Ganzfeld-ERG showed typical signs of rod-cone dystrophy.",7,7
"1107","de","en","Die endokrine Orbitopathie ist die häufigste extrathyroidale Manifestation einer Autoimmunthyreopathie.","Graves' orbitopathy is the most common extrathyroidal manifestation of Graves' disease.",11,10
"977","de","en","HBP ist eine harmlose monokuläre Augenbewegungsstörung, die stets eine Begleiterscheinung des Sehverlustes ist.","HBP is a benign monocular eye movement disorder that is always secondary to severe visual loss.",16,13
"1173","de","en","Hier empfiehlt sich die Bestimmung der PTT sowie der PFA-100 und eine weitere vWS-Stufendiagnostik anzuschließen.","Here it is advisable to determine the PTT as well as PFA-100 and, to continue with a further VWD step-diagnostics.",20,15
"773","de","en","Hier berichten wir über 3 RP-Patienten mit Mutationen im PDE6Β-Gen, die bisher nicht beschrieben wurden.","Here, we report on three RP patients with mutations in the PDE6Β Gene that have not been described previously.",19,15
"827","de","en","Höhere Raten von verpassten Pathologien, verursacht durch mangelnde Berufserfahrung oder systematische Suche, legen nahe, dass ein methodischer Ansatz zur radiologischen Analyse erlernt werden kann.","Higher rates of missed pathologies, caused by a lack of professional experience or systematic search, suggest that a methodical approach to radiological analysis can be learned.",26,24
"884","de","en","Eine einheitliche Integration in das Lehrcurriculum wäre eine zukunftsgerichtete Aufwertung der Plastischen Chirurgie.","However integration of Plastic Surgery with its interdisciplinary responsibility in the common university curriculum will be a forward looking appreciation of Plastic Surgery.",23,13
"878","de","en","Daher ist die Entwicklung der akademischen Plastischen Chirurgie problematisch.","However the standing of academic Plastic Surgery is particularly difficult.",10,9
"1017","de","en","Notwendig für die Entwicklung aller Maßnahmen ist jedoch die sektorenübergreifende Perspektive auf das System der Notfallversorgung.","However, a prerequisite for the development of such measures is the inclusion of a cross-sectoral perspective in the system of emergency care.",22,16
"1050","de","en","Allerdings ist eine Antikoagulation bei Tumorpatienten mit einem gehäuften Auftreten von Blutungen und auch von Rezidiven verbunden.","However, anticoagulation of cancer patients is associated with an increased risk of bleeding and recurrence.",15,17
"790","de","en","Allerdings gab es entgegen unserer Vorhersage nur einen Zusammenhang zwischen Traumatisierung und posttraumatischer, jedoch nicht depressiver Symptomatik.","However, contrary to our predictions, we could only find a significant association between childhood traumatization and posttraumatic, but not depressive symptoms.",21,17
"978","de","en","Deswegen ist es wichtig, möglichst frühe Erkrankungsmanifestationen zu detektieren, um einen maximalen therapeutischen Nutzen zu erzielen.","Identifying early FD-specific pathologies is important in the context of maximum therapeutic benefit in these stages.",16,16
"1163","de","en","Eine ungenügende Liquordynamik kann dabei eine Rolle spielen, indem toxische Substanzen wie Aβ-Lipoprotein insuffizient aus dem Liquor entfernt werden.","Impaired cerebrospinal fluid dynamics and reduced clearance of Aβ amyloid might play a role in this process.",17,19
"881","de","en","An 12 der 36 Universitätskliniken gibt es keine Plastische Chirurgie.","In 12 of 36 university hospitals there is no kind of Plastic Surgery established.",14,10
"882","de","en","2015 wurden durch die 13 teilnehmenden Zentren 1476 Fälle interdisziplinär behandelt.","In 2015 participating 13 university hospitals treated 1476 interdisciplinary patients.",10,11
"872","de","en","Zusätzlich wurden graue Literatur und die Ergebnisse des FlexA Projektes zur Erstellung des HLF einbezogen.","In addition, grey literature and findings from the FlexA study were used to formulate the current guideline.",17,15
"972","de","en","In unseren Fällen, wie auch in der Literatur, war der Visus des von HBP betroffenen Auges schlechter als auf der anderen Seite, in der Regel ≤ 20/200.","In both our cases and those from the literature, VA was worse in the eye with HBP and was usually ≤ 20/200.",21,26
"1172","de","en","Bei Vorliegen einer auffälligen Familienanamnese sowie der Zusatzfragen an die Mutter des Blutungsfragebogens konnte ein signifikant erhöhtes Risiko für ein vWS nachgewiesen werden.","In case of a conspicious family history, especially of the mother in the bleeding questionnaire, a significantly increased risk for VWD could be observed.",24,23
"781","de","en","Bei Kindern, die sich über Nachtblindheit beschweren, muss eine PDE6Β-assoziierte RP in Betracht gezogen werden.","In children complaining of night blindness, a PDE6Β-associated RP needs to be taken into consideration.",15,15
"1032","de","en","Im Vergleich zur kindlichen Gruppe lag die Rezidivquote nach Direktnaht in der Erwachsenenchirurgie bei 12,9% (n = 4).","In comparison to the group of children, the recurrence rate in adult surgery was 12.9% (n = 4) after direct suture.",19,16
"783","de","en","Bei RP-Patienten mit einer PDE6Β-Mutation wird derzeit eine Phase-I/II-Studie durchgeführt (https://clinicaltrials.gov/ct2/show/NCT03328130).","In particular, in RP patients with a PDE6Β mutation, a phase I/II study is currently ongoing (https://clinicaltrials.gov/ct2/show/NCT03328130).",17,11
"1150","de","en","Auch beim primären Offenwinkelglaukom spielt der systemische Blutdruck eine Rolle.","In primary open-angle glaucoma, blood pressure is also of importance.",10,10
"1121","de","en","Bei ausgeprägten Blutungen ist jedoch meist eine Rethorakotomie erforderlich.","In severe cases, re-thoracotomy is mandatory.",6,9
"1093","de","en","Teilweise werden jedoch auch gegensätzliche Ergebnisse berichtet.","In some cases, opposite results have been reported.",8,7
"912","de","en","In der studentischen Ausbildung besteht in fakultativem Kleingruppenunterricht die Möglichkeit für eine intensive Auseinandersetzung mit zerebrovaskulären Krankheitsbildern und deren Therapie.","In student education there is the possibility for intensive examination of cerebrovascular diseases and their therapy in small group lessons.",20,20
"1074","de","en","Im Hinblick auf moderne Therapieverfahren fand die aktuelle Studienlage Berücksichtigung.","In terms of state-of-the-art therapies, relevant current studies were considered.",10,10
"1108","de","en","In der ausgebrannten fibrotischen Phase können ein Exophthalmus, Doppelbilder und eine Lidretraktion zurückbleiben, die ggf. mehrere rehabilitative chirurgische Eingriffe erfordern.","In the burnt out fibrotic phase exophthalmos, diplopia and lid retraction may remain, which can require multiple rehabilitative surgical interventions.",20,20
"917","de","en","Von weiteren technischen Fortschritten, die auch durch akademische Forschung vorangetrieben werden sollten, könnten in Zukunft auch erfahrene Interventionalisten profitieren.","In the future, even experienced interventionalists could benefit from further technical advances, which should also be driven by academic research.",20,19
"1070","de","en","In diesem Artikel werden einige Aspekte zum Thema Licht, Schlaf und Gesundheit in Erinnerung gerufen und praxisrelevante Zusammenhänge aufgezeigt.","In this article a few key facts concerning light, sleep and diseases are presented.",14,19
"1146","de","en","In diesem Beitrag werden physiologische und pathophysiologische Mechanismen rekapituliert.","In this article, physiological and pathophysiological mechanisms will be recapitulated.",10,9
"898","de","en","In dieser Übersichtsarbeit werden funktionale und mechanistische Überlegungen zur Verwendung dieser Antikörpervarianten diskutiert.","In this review, functional and mechanistic considerations on the use of these antibody variants will be discussed.",17,13
"943","de","en","In dieser Arbeit möchten wir den Aufbau unseres Sonografie-Kurses und die Implementierung in das Ulmer Kerncurriculum des Medizinstudiums vorstellen.","In this work, we would like to present the structure of our sonography course and its implementation in the Ulm core curriculum of medical studies.",25,19
"1137","de","en","162 Fragebögen konnten vollständig ausgewertet werden.","In total 162 questionnaires were analysed.",6,6
"995","de","en","Insgesamt 140 Kiefergelenks-MRTs wurden nach Untersuchung mit einem 3T-MR-System ausgewertet.","In total, 140 temporomandibular joints were examined using a 3 T MRI scanner.",12,10
"1013","de","en","Stationär aufgenommen Notfälle steigen im gleichen Zeitraum um 20%, wobei hier ältere Patienten den größten Anteil haben.","Inpatient emergency cases increased by 20% with older patients representing the largest group.",13,17
"955","de","en","Die interdisziplinäre klinische Anwendung dieser vaskulären Biomarker gewinnt zunehmend an Bedeutung, sowohl in der Augenheilkunde als auch in anderen Fachgebieten.","Interdisciplinary clinical application of these vascular biomarkers is becoming increasingly important in ophthalmology and other specialities.",16,20
"965","de","en","Es tritt ausschließlich bei seit Langem bestehendem, starkem Sehverlust auf.","It always occurs in an eye with longstanding, profound visual loss.",11,10
"864","de","en","Diese lässt sich oft klinisch nicht sicher von einer Behçet-Uveitis unterscheiden, solange keine systemischen Manifestationen vorliegen.","It is difficult to distinguish this clinically from Behçet uveitis, as long as there are no systemic manifestations.",18,16
"1161","de","en","Er ist auf seiner ganzen Länge von Liquor cerebrospinalis umspült.","It is surrounded by cerebrospinal fluid on its whole length.",10,10
"859","de","en","JS, also die Abwesenheit der deutlichen Abgrenzung zwischen der Plazenta previa und dem Gebärmutterhals, wurde mittels TV-Scans ausgewertet.","JS, i. e. the absence of the normal linear demarcation between the placenta previa and the cervix, was evaluated by TV scans.",20,18
"1076","de","en","Die Kenntnis aktueller Leitlinien und Handlungsempfehlungen sowie neuer therapeutischer Tendenzen und Ansätze ist essenziell zur suffizienten Behandlung von PAVK-Patienten.","Knowledge of existing guidelines and recommendations as well as new therapeutic approaches is essential for the adequate therapy of PAD patients.",20,19
"910","de","en","MATERIAL UND METHODEN/TECHNISCHE GRUNDLAGEN","MATERIALS AND METHODS/TECHNICAL BASICS",4,4
"831","de","en","Währenddessen wurde ihre Fixationsposition durch ein Eye-Tracking-System erfasst.","Meanwhile, their fixation position was recorded by an eye-tracking system.",10,8
"1035","de","en","Netzimplantationen sind im Kindesalter auch weiterhin nicht erforderlich.","Mesh implantation is still not necessary in childhood.",8,8
"1140","de","en","40- bis 49-jährige Patienten zeigten eine signifikant geringere Motivation als 20- bis 29-jährige und 50- bis 59-jährige Patienten.","Moreover 40- to 49-year-old patients were significantly less motivated to participate in a lecture than 20- to 29-year-old and 50- to 59-year-old patients.",23,18
"985","de","en","Zudem zeigte sich eine gute negative Korrelation der nativen T1-Zeit zu den Lyso-Gb3-Werten (r = – 0,582; p = 0,018).","Moreover, native septal T1 showed a good negative correlation to Lyso-Gb3 (r = - 0.582; p = 0.018).",13,15
"1145","de","en","Die neuronale Kontrolle des Blutdrucks wird über das vegetative Nervensystem vermittelt.","Neuronal blood pressure control is mediated by the autonomic nervous system.",11,11
"1162","de","en","Auf der Basis von neuroradiologischen Untersuchungen vermutet man, dass ein Normaldruckglaukom aufgrund eines neurodegenerativen Prozesses entstehen kann.","Neuroradiological examinations hint at a neurodegenerative origin of normal tension glaucoma.",11,17
"1117","de","en","Bis auf eine starke postoperative Blutung in einem Fall, die chirurgisch erfolgreich und folgenlos saniert werden konnte, traten keine schwerwiegenden Komplikationen auf.","No severe complications were seen, except for one case of postoperative bleeding, which was successfully managed surgically without any functional deficits.",21,22
"1101","de","en","Von den 2413 eingeschlossenen Befragten waren 2,7% ausländische Staatsangehörige und 4,4% deutsche Staatsangehörige mit Migrationshintergrund.","Of the 2,413 respondents surveyed, 2.7% were foreign nationals and 4.4% were German nationals with a migration background.",18,15
"808","de","en","Unsere Erfahrungen mit der HIFU-Therapie beim Pankreaskarzinom basieren auf 89 Patienten (UICC III-IV).","Our experiences with HIFU treatment are based on 89 pancreatic cancer patients (UICC III-IV).",14,13
"838","de","en","Unsere Ergebnisse zeigen, dass erfahrene Radiologen die Zahl der verpassten Befunde durch einen systematischen Ansatz und eine gezielte Untersuchung wichtiger Regionen reduzieren.","Our results indicate that experienced radiologists are reducing the number of missed findings through a systematic approach and targeted inspection of important regions.",23,22
"1026","de","en","Über einen Zeitraum von 7 Jahren wurden 383 kindliche Patienten (Alter < 16 Jahre) mit Nabelhernien operiert, wobei 370 Patienten nach Ausschlusskriterien in der Studie evaluiert wurden.","Over a period of 7 years, 383 children (age < 16 years) with umbilical hernia were treated surgically; after applying the exclusion criteria, 370 patients were evaluated.",26,26
"890","de","en","Übergewicht, ein grosser Halsumfang und enge Rachenverhältnisse können auf ein OSAS hinweisen.","Overweight, a large neck circumference and a narrow throat are conditions that may suggest an OSAS.",16,12
"1016","de","en","Unterschiedliches Nutzungsverhalten kann durch Interventionen für spezifische Patientensubgruppen adressiert werden.","Patient behaviors in healthcare utilization can be addressed by interventions for specific patient subgroups.",14,10
"1144","de","en","Zur Mitwirkung an einer Vorlesung besteht unabhängig von der Patientenzufriedenheit generell eine geringere Motivation.","Patient motivation to participate in a lecture is lower regardless of patient satisfaction.",13,14
"1141","de","en","Die Patientenzufriedenheit hatte keinen relevanten Einfluss auf die Motivation zur Mitwirkung an einer Vorlesung.","Patient satisfaction had no influence on motivation to participate in a lecture.",12,14
"893","de","en","Patienten, die eine CPAP-Therapie nicht tolerieren, können mit einer Unterkieferprotrusionsschiene erfolgreich behandelt werden.","Patients who do not tolerate CPAP therapy can be successfully treated with a mandibular advancement device.",16,13
"1149","de","en","So sind Patienten mit Normaldruckglaukom und niedrig eingestelltem Blutdruck gefährdet, eine Progression ihres Glaukoms zu erleiden.","Patients who suffer from normal-tension glaucoma and low blood pressure are at risk of glaucoma progression.",16,16
"862","de","en","Das Risiko eines bleibenden Visusverlustes infolge eines verzögerten Therapiebeginns ist dabei ebenso bedeutsam wie das Einleiten einer nicht genügend wirksamen Therapie.","Permanent loss of vision after a delay in starting therapy and the initiation of ineffective treatment are both serious risks.",20,21
"918","de","en","Mögliche Effekte wären die Reduktion von Untersuchungszeiten, Komplikationen und Kosten.","Possible effects would be the reduction of examination times, complications and costs.",12,10
"1120","de","en","Die postoperative Nachblutung nach thoraxchirurgischen Eingriffen ist eine seltene, aber mit einer hohen Mortalität verknüpfte Komplikation.","Postoperative haemothorax following thoracic surgery is a rare complication, but associated with a high mortality.",15,16
"1114","de","en","Postoperativ wurde bei 3 dieser Patienten/3 Orbitae (6,4/3,9%) eine „new-onset“-Diplopie dokumentiert (2,4% aller Patienten, 1,5% aller Operationen).","Postoperatively, 3 patients/3 orbits (6.4/3.9%) showed new-onset diplopia (2.4% of all patients, 1.5% of all orbits).",16,16
"1113","de","en","Bei 47 Patienten (37,0%)/77 Operationen (39,5%) bestand präoperativ keine Diplopie.","Preoperatively, 47 patients/77 orbits (37.0/39.5%) presented without diplopia.",8,10
"1094","de","en","Bisherige Untersuchungen haben unterschiedliche Limitationen.","Previous research, however, has different limitations.",6,5
"799","de","en","Die korrekte Anwendung der 2D-SWE gewährleistet die Zuverlässigkeit und Reproduzierbarkeit dieser Technik.","Proper use of 2D-SWE ensures the reliability and reproducibility of the technique.",12,12
"935","de","en","Anteile von Übereinstimmungen (po), Cohen’s kappa (κ) und 95 % Konfidenz Intervalle (KI) wurden berechnet.","Proportions of observed agreement (po) and Cohen's Kappa (κ) including the 95 % confidence intervals (CI) were calculated.",17,14
"826","de","en","Die qualitative Analyse bekräftigt diese Ergebnisse und zeigt, wie das Konzept des Manuals dazu beiträgt, dass die Eltern von dem Programm in ihrem Alltag profitieren.","Qualitative data analysis reinforces these results and shows how the manual's concept supports parents' benefit from the intervention in their every day life.",23,25
"814","de","en","Randomisierte, kontrollierte klinische Studien zum direkten Vergleich der hier vorgestellten Modalitäten sind in der näheren Zukunft zu befürworten.","Randomized controlled studies for head-to-head comparison of these modalities are warranted in the near future.",15,18
"966","de","en","Es gibt nur wenige Fallberichte von HBP und es ist wahrscheinlich unterdiagnostiziert.","Reports of HBP are few and HBP is probably underdiagnosed.",10,12
"914","de","en","Forschungsfragen sind der Nachweis der Validität und des Trainingseffekts, aber auch der Einfluss auf die Patientensicherheit und die mögliche Kostenreduktion einer Intervention.","Research questions are the proof of validity and the training effect, but also the influence on patient safety and the possible cost reduction of an intervention.",26,22
"771","de","en","Retinitis pigmentosa (RP) betrifft weltweit 2,5 Millionen Menschen.","Retinitis pigmentosa (RP) affects 2.5 million people worldwide.",8,7
"1073","de","en","Allgemeines Review mit Literaturrecherche, ausgehend von der aktuellen deutschen S3-Leitlinie zur Therapie der PAVK sowie aktuellen internationalen Leitlinien.","Review and literature search on the basis of the current German S3 guidelines on the therapy of PAD as well as international guidelines.",22,18
"908","de","en","Starre Kontaktlinsen können sich als vorteilhaft bei der Korrektur von unregelmäßigem Astigmatismus erweisen.","Rigid contact lenses may be beneficial in the setting of irregular astigmatism.",12,13
"805","de","en","Lokal ablative Verfahren, die thermische oder auch nichtthermische Techniken anwenden, können als moderne Therapieoptionen zur Tumorkontrolle und symptomatischen Verbesserung eingesetzt werden.","Several local ablative therapies with both thermal and non-thermal sources have recently received significant attention as modern treatment options for local tumor control and symptomatic improvement.",26,21
"886","de","en","Der Schlaf wird dadurch fragmentiert und ist nicht erholsam.","Sleep is fragmented and unrefreshing.",5,9
"869","de","en","Kleine und mittlere Unternehmen (KMU) sind in diesem Zusammenhang selten Gegenstand wissenschaftlicher Studien.","Small and medium-sized enterprises (SME) are rarely subjects of scientific studies in this context.",14,13
"845","de","en","Bisher haben zwei Patienten an dieser Studie teilgenommen.","So far two patients have participated in this study.",9,8
"1143","de","en","Soziodemografische Faktoren spielen eine untergeordnete Rolle.","Socio-demographic factors are less important.",5,6
"856","de","en","Standardisierte Messmethode ist dabei von außerordentlicher Bedeutung.","Standardised assessments of patient-reported outcomes (PROs) are indispensable.",8,7
"894","de","en","Unterstützende Massnahmen sind regelmässige und genügend lange Schlafzeiten, das Vermeiden von Rauchen und abendlichem Alkoholkonsum und die Gewichtsreduktion bei Adipositas.","Supporting measures are regular and sufficiently long sleeping times, avoidance of smoking and alcohol consumption in the evening as well as weight reduction for obese patients.",26,20
"887","de","en","Die betroffenen Patienten leiden unter vermehrter Einschlaftendenz, Konzentrationsstörungen und einer beeinträchtigten Lebensqualität.","The affected patients suffer from an increased tendency to fall asleep, impaired concentration and a reduced quality of life.",19,12
"1109","de","en","Ziel der Arbeit war, die Technik der tiefen lateralen knöchernen Orbitadekompression mit Entfernung der Orbitakante in Hinblick auf Effektivität und Komplikationen zu evaluieren.","The aim of the study was to evaluate the efficacy and side effects of the deep lateral orbital wall decompression including the orbital rim.",24,23
"794","de","en","Das Ziel dieser Übersichtsarbeit ist die Erkennung, Beschreibung, Erklärung und anschauliche Darstellung einiger technischer Einschränkungen und Artefakte in der 2D-SWE.","The aim of this review is to identify, describe, explain and illustrate some technical restrictions and artifacts in 2D-SWE.",19,19
"993","de","en","Notwendig sind insbesondere eine umfassende Stärkung und Reform der Aus- und Weiterbildungsstrukturen der öffentlichen Gesundheit.","The authors argue that public health education and training in Germany needs to be strengthened and reformed.",17,15
"1031","de","en","Das Durchschnittsalter der erwachsenen Patienten betrug 54,55 Jahre; 32% waren weiblich, 68% männlich.","The average age of the adult patients was 54.55 years; 32% were female, 68% male.",15,13
"858","de","en","BODY-Q wurde entsprechend den Richtlinien der ISPOR-Organisation (International Society for Pharmacoeconomics and Outcomes Research) kreiert und zahlreichen psychometrischen Tests unterzogen.","The BODY-Q was created pursuant to ISPOR (International Society for Pharmacoeconomics and Outcomes Research) standards and subjected to psychometric tests with great results.",23,20
"888","de","en","Zu den Folgen des OSAS gehören zudem ein erhöhtes Risiko, Unfälle durch Einschlafen zu verursachen, sowie Herz- und Kreislauferkrankungen.","The consequences of OSAS also include an increased risk of accidents caused by falling asleep as well as cardiovascular diseases.",20,19
"891","de","en","Die Diagnose wird durch eine Schlafuntersuchung bestätigt.","The diagnosis is confirmed by sleep examination.",7,7
"889","de","en","Die Diagnose des OSAS beruht auf einer typischen Anamnese und der klinischen Untersuchung.","The diagnosis of OSAS is based on a typical history and clinical examination.",13,13
"835","de","en","Die Dauer der Augenfixation von unerfahrenen Bildbefundern war bei auffälligen Befunden deutlich länger, während erfahrene Radiologen eher klinisch relevante Regionen fixierten.","The duration of eye fixation with inexperienced assessors was significantly longer for conspicuous findings, while experienced assessors were more likely to fix clinically relevant regions.",25,21
"951","de","en","Die genaue Methodologie der Auswertung und die Bezeichnung der Parameter variieren bei unterschiedlichen Ansätzen.","The exact methodology of the evaluation and the designation of the parameters depend on the investigation.",16,14
"973","de","en","Die Augenbewegung war streng monokulär, pendelnd, meist mit vertikaler, manchmal auch mit schräger Ausrichtung.","The eye movement was strictly monocular, pendular, mostly vertical, but sometimes oblique.",12,14
"949","de","en","Der Schwerpunkt dabei liegt auf den realitätsnahen Übungen mit High-end-Ultraschallgeräten in Kleingruppen mit einer abschließenden praktischen Prüfung.","The focus is on the realistic exercises with high-end ultrasound equipment used in small groups with a final practical test.",20,17
"1059","de","en","Die Nachbeobachtung betrug für alle Augen 12 Monate.","The follow-up was 12 months for all eyes.",8,8
"947","de","en","Die Gruppen mit vier Studierenden werden jeweils von einem studentischen Tutor betreut.","The groups of four students are supervised by a student tutor.",11,12
"964","de","en","Das Heimann-Bielschowsky-Phänomen (HBP) ist eine seltene Art des asymptomatischen monokulären, vertikalen Pendelnystagmus.","The Heimann-Bielschowsky phenomenon (HBP) is an unusual form of monocular vertical pendular nystagmus and is usually asymptomatic.",17,12
"970","de","en","Des Weiteren ist eine systematische Literaturrecherche mit den Stichwörtern „Heimann-Bielschowsky“ oder „monocular nystagmus“ erfolgt.","The international literature on HBP was reviewed using the keywords ""Heimann-Bielschowsky"" or ""monocular nystagmus"".",14,14
"946","de","en","Das Praktikum (Säule 2) besteht aus vier Terminen von je zwei Stunden.","The internship (Pillar 2) consists of four appointments of two hours each.",12,12
"847","de","en","Gemäß eines Prä- und Post-Test-Designs wurden die neuromuskulären Parameter der Patienten vor und nach dem mobilen Training untersucht.","The intervention was designed in a randomised controlled pre-test/post-test design and patients were measured for neuromuscular parameters before the intervention and afterwards.",22,18
"929","de","en","Das Wissen über die Gene trägt aber nicht nur zum Verständnis bei, sondern soll helfen, entsprechende Therapieansätze zu entwickeln.","The knowledge about the genes does not only contribute to the understanding of these diseases, but should help develop new therapeutic possibilities.",22,19
"1164","de","en","Dabei kommt dem lymphatischen und glymphatischen System eine wesentliche Rolle zu.","The lymphatic and the glymphatic system are thought to be essentially involved.",12,11
"1092","de","en","Die Mehrzahl bisheriger Studien zeigt, dass Menschen mit Migrationshintergrund die medizinische Rehabilitation seltener als Menschen ohne Migrationshintergrund nutzen.","The majority of previous studies shows that migrants use medical rehabilitation less often than non-migrants.",15,18
"876","de","en","Die in den Unternehmensworkshops des FlexA Projektes erarbeiteten Maßnahmen, wie z. B. das Einführen von kollektiven Regelungen in den Betrieben, wurden in den HLF aufgenommen.","The measures, developed during the corporate workshops of the FlexA study, e. g. the implementation of collective regulations in the company, were included in the guideline.",25,25
"984","de","en","Die mediane native septale T1-Zeit bei FD-Patienten betrug 889,0 und 950,6 für die Kontrollgruppe (p < 0,003).","The median native septal T1 time for FD was 889.0 ms and 950.6 ms for controls (p < 0.003).",15,15
"1039","de","en","Der morphologische Kollateralisierungs-Status wurde anhand der aus den CT-Perfusionsdaten berechneten zeitinvarianten CTA mithilfe des Collateral Score (CS) ermittelt.","The morphological extent of collaterals was assessed on the basis of the Collateral Score (CS) on temporal maximum intensity projections (tMIP) derived from CT perfusion data.",26,18
"863","de","en","Die häufigste akute posteriore Uveitis bei immunkompetenten Patienten ist eine akute virale Netzhautnekrose.","The most frequent acute posterior uveitis in immunocompetent persons is acute viral retinal necrosis.",14,13
"1122","de","en","Die Ursache der Nachblutung liegt meist in einem Bronchial- oder Interkostalgefäß (21 und 16%) oder an der Thoraxwand bei ausgedehnter Pleurolyse (10,5%).","The most frequent origin of bleeding is a bronchial or intercostal vessel (21 and 16%) or the area of pleural adhesions that were separated (10.5%).",25,22
"1065","de","en","Die Anzahl der Notwendigkeit einer Lockerung des Traktionsfadens war in der alleinigen Ologen-Gruppe signifikant niedriger (p = 0,02).","The number of patients for whom it was necessary to loosen the traction thread was significantly lower in the sole Ologen group (p = 0.02).",23,16
"1160","de","en","Der Sehnerv ist ein weißer Hirnfaszikel.","The optic nerve is a white matter tract of the brain.",11,6
"992","de","en","Im vorliegenden Beitrag werden anstehende Herausforderungen und notwendigen Maßnahmen aus einer Nachwuchsperspektive dargestellt.","The present article discusses challenges and necessary measures from the perspective of young professionals.",14,13
"909","de","en","Die vorliegende Literaturübersicht beschäftigt sich mit der Verwendung von Kontaktlinsen bei der Behandlung von Hornhautdystrophien.","The present review of the literature will discuss the use of contact lenses in the management of corneal dystrophies.",19,15
"1095","de","en","Die vorliegende Studie untersucht die Inanspruchnahme von Rehabilitation bei Menschen mit und ohne Migrationshintergrund auf Basis des Dritten Sozialmedizinischen Panels für Erwerbspersonen (SPE-III).","The present study examines the use of rehabilitation among migrants and non-migrants by means of the Third German Socio-medical Panel of Employees (GSPE-III).",23,23
"1055","de","en","In der vorliegenden Arbeit wurde verglichen, ob die Kombination eines Ologen-Implantates mit Bevacizumab die Erfolgsrate und/oder Komplikationsrate im Rahmen einer Trabekulektomie verändern kann.","The present study investigates whether the combination of an Ologen implant with bevacizumab can modify the rates of success and/or complications during trabeculectomy.",23,23
"903","de","en","Die Wahrscheinlichkeit einer stationären Durchführung nahm im Zeitraum zwischen 2005 und 2009 ab.","The probability for inpatient rehabilitation decreased between 2005 and 2009.",10,13
"1123","de","en","Die Pulmonalarterie oder -vene war nur in 16% Ursache der Blutung und in den meisten Fällen (37%) konnte keine aktive Blutungsquelle mehr identifiziert werden.","The pulmonal artery or vein were the origin of bleeding in 16% of cases while in most cases (37%) active bleeding could no longer be detected.",26,24
"1024","de","en","Ziel unserer Studie war es, die Nabelherniotomie nach Spitzy im Hinblick auf die Rezidivrate im Kindes- und Erwachsenenalter zu analysieren.","The purpose of our study was to analyse Spitzy herniotomy with respect to the recurrence rate in children and adults.",20,20
"854","de","en","Durch eine Übersicht des Trainingsfortschritts in Form von Nutzer-Statistiken und Highscores kann der Rehabilitationsprozess überwacht und verglichen werden.","The rehabilitation process could be monitored and compared through an overview of training progress in the form of user statistics and high scores.",23,18
"792","de","en","Die beobachteten Zusammenhänge sind hinsichtlich der Prävention psychiatrischer Erkrankungen von Bedeutung und haben vielfältige Implikationen für die Entwicklung und den Einsatz präventiver und therapeutischer Interventionen.","The reported associations are relevant concerning the prevention of psychiatric disorders and thus have multiple implications for the development and use of preventive and therapeutic interventions.",26,25
"825","de","en","Es zeigte sich, dass sich die Eltern nach dem GP signifikant weniger gestresst fühlen, mehr Handlungsfähigkeit und soziale Unterstützung im Alltag wahrnehmen.","The results show, that parents feel statistical significant less overwhelmed by the responsibility of being a parent, recognise more capacity to act and support in everyday.",26,22
"836","de","en","Die Verweildauer der okulären Fixation bei wichtigen pathologischen Befunden unterschied sich nicht signifikant zwischen diesen Erfahrungsgruppen.","The retention time of ocular fixation in important pathological findings did not differ significantly between those groups.",17,16
"834","de","en","Die Sensibilität des Betrachters hängt von seiner beruflichen Erfahrung ab, die auch durch eine systematische Beobachtungsreihenfolge und die Kenntnis des Krankheitsverlaufs bestimmt wird.","The sensitivity of the observer depends on the professional experience, also determined by a systematic observation sequence and knowledge of the course of the disease.",25,23
"1020","de","en","Die Neuralleistenzellen tragen wesentlich zur Entwicklung der Augenstrukturen, insbesondere der vorderen Augenabschnitte, bei.","The so-called neural crest cells contribute significantly to the development of eye structures, especially of the anterior segment.",18,13
"944","de","en","Der Sonografie-Kurs basiert auf zwei Säulen.","The sonography course is based on two pillars.",8,6
"868","de","en","Die Verbreitung von IKT und mögliche Auswirkungen dieser Entwicklung auf die Gesundheit und das Wohlbefinden betroffener Mitarbeiter wurden bisher v. a. in großen Unternehmen untersucht.","The spread of this development and possible consequences on the affected employee's health and wellbeing have been examined so far especially in big companies.",24,25
"950","de","en","Der Kursaufbau und -ablauf wird von den Studierenden insgesamt als sehr positiv evaluiert.","The structure and procedure of the course was evaluated as being very positive by the students.",16,13
"1097","de","en","Die Auswertung basiert auf der ersten Erhebungswelle des SPE-III, erweitert um administrative Daten aus den Versicherungskonten der jeweiligen Studienteilnehmerinnen und -teilnehmer.","The study is based on the first wave of the GSPE-III, extended by administrative data from the insurance accounts of the respective study participants.",24,21
"968","de","en","Eine Genehmigung der lokalen Ethikkommission für diese Studie wurde eingeholt.","The study was approved by the local ethics committee.",9,10
"1058","de","en","Ausgewertet wurden die Erfolgs- und Misserfolgsrate, der Tensioverlauf, postoperative Komplikationen und die Notwendigkeit von postoperativen erneuten Eingriffen zur Druckregulation.","The success and failure rates, changes in tension, postoperative complications and postoperative revision for pressure regulation were evaluated.",18,19
"1125","de","en","Die obersten Landesgesundheitsbehörden der Länder bestimmen den weiteren Umfang der Untersuchungen.","The supreme state health authorities of the German federal states determine the further scope of the investigations.",17,11
"913","de","en","In der ärztlichen Weiterbildung beginnt die Ausbildung von Anfängern in diagnostischer und interventioneller Angiografie obligatorisch am Simulator.","The training of beginners in diagnostic and interventional angiography begins mandatorily on the simulator.",14,16
"860","de","en","Die beiden analysierten Gruppen, das heißt mit und ohne JS, waren ähnlich.","The two analyzed groups, i. e. with and without JS, were similar.",11,12
"958","de","en","Die Videoaufnahmen wurden an 6 Kollegen mit vergleichbarer Erfahrung gesendet, ohne weitere Informationen über die Krankengeschichte und die körperliche Untersuchung der Patienten zu geben.","The video recordings were sent to six colleagues with comparable experience without providing any further information about the patients' medical history and physical examination.",24,24
"1029","de","en","Die jungen Patienten waren im Durchschnitt 33,81 Monate alt und zu 44% weiblich und zu 56% männlich.","The young patients had an average age of 33.81 months and were 44% female and 56% male.",17,17
"1157","de","en","Viele Urologen haben Basisweiterbildungen Palliativmedizin zum Zugang zur palliativen Versorgung absolviert oder die Prüfung zum qualifizierten Palliativarzt (QPA) abgelegt.","There are a significant number of urological practitioners who have completed trainings in palliative care or passed an exam as 'qualified palliative physician (QPA)'.",24,19
"1132","de","en","Übereinstimmungen waren v. a. bei den Impfempfehlungen auszumachen.","There was agreement above all in the recommendations for vaccination.",10,7
"1139","de","en","Für die Mitwirkung an einer Vorlesung bestand eine signifikant geringere Motivation.","There was significantly decreased motivation for participation in a lecture.",10,11
"1041","de","en","Die Korrelation der rFTD zwischen der fv-CTA und DSA war sehr gut (n = 50, r = 0,9, p < 0,05).","There was very good correlation of rFTD between fv-CTA and DSA (n = 50, r = 0.9, p < 0.05).",14,15
"1066","de","en","Im Weiteren gab es keinen signifikanten Unterschied zwischen den Gruppen im Hinblick auf Folgeeingriffe.","There were also no significant differences between the groups with respect to revisions.",13,14
"1064","de","en","In keiner Gruppe traten schwerwiegende intra- oder postoperative Komplikationen auf.","There were no serious intra- or postoperative complications in any group.",11,10
"1155","de","en","Im Vergleich der atopisch-veranlagten Eltern leicht kranker Kinder mit atopisch-veranlagten Eltern schwer kranker Kinder fanden sich keine signifikanten Unterschiede.","There were no significant differences between atopically predisposed parents of slightly ill children and atopically predisposed parents of seriously ill children.",21,19
"1063","de","en","Sowohl bei der Erfolgs- als auch der Misserfolgsrate ergab sich jedoch kein signifikanter Unterschied.","There were no significant differences in the success and failure rates.",11,14
"979","de","en","Das Ziel unserer Studie war es, die Wertigkeit des nativen T1-Mappings als krankheitsspezifisches Äquivalent zu untersuchen.","Therefore, the aim of this study was to investigate the value of quantitative cardiac T1 mapping as a potential disease-specific surrogate.",21,16
"940","de","en","Deshalb sollte dieser Technik bevorzugt werden um Fehlklassifikationen und Fehldiagnosen zu minimieren.","Therefore, this technique may be preferred to minimize misclassification and misdiagnosis.",11,12
"788","de","en","Diese Hypothesen testeten wir über Korrelations- und Regressionsanalysen an n=93 Patienten mit depressiver und posttraumatischer Symptomatik in einem psychiatrischen Krankenhaus in Offenburg.","These hypotheses were tested with correlation and regression analysis in a sample of n=93 patients with depressive and posttraumatic symptomatology in a psychiatric clinic in Offenburg.",26,22
"934","de","en","Die Rater waren gegenüber anderen klinischen Informationen und gegenüber einander verblindet.","These observers were blinded to any clinical information and each other's results.",12,11
"907","de","en","Sie können auch in Kombination mit chirurgischen Verfahren eingesetzt werden, um die Gewebeheilung und das Wohlbefinden des Patienten in der postoperativen Phase zu fördern.","They also may be used in conjunction with surgical procedures to promote tissue healing and patient comfort in the postoperative period.",21,24
"846","de","en","Sie wurden gebeten die App für 4 Wochen zu Hause, 5 Mal pro Woche, für 10 bis 15 Minuten zu benutzen.","They were asked to use the app for 4 weeks at home, 5 times a week, for 10 to 15 minutes.",20,21
"896","de","en","Dies hat zur Entwicklung neuer Strategien geführt, um das Spektrum der Behandlungsoptionen zu erweitern, von denen einige auf der Antikörpertechnologie basieren.","This has led to the development of novel strategies to expand the spectrum of treatment options, some of which are based on antibody technology.",24,21
"785","de","en","Dies ist problematisch, da eine gute Ressourcenausstattung einen protektiven Faktor gegen die Entstehung psychischer Erkrankungen darstellt und teilweise auch mit besseren Therapieerfolgen einhergeht.","This is problematic, because resources can be a protective factor against the development of psychiatric disorders and are potentially beneficial for therapy outcomes.",23,23
"1018","de","en","Dies wird auf dem Niveau der Transkription reguliert.","This is regulated at the level of transcription.",8,8
"774","de","en","Drei Patienten mit einer PDE6Β-Mutation wurden identifiziert: 1. Ein 30 Jahre alter Mann mit einer homozygoten Mutation (c.[2351dupA],[2351dupA]; p.[Q785Gfs*20],[Q785Gfs*20]) wurde 8 Jahre lang beobachtet.","Three patients with a PDE6Β mutation were identified: 1. A 30-year-old male with a homozygotous mutation (c.[2351dupA],[2351dupA], p.[Q785Gfs*20],[Q785Gfs*20]) who was followed for 8 years.",24,24
"839","de","en","Durch die Sensibilisierung für die Analyse von CT-Bildern in systematischen Mustern scheinen Ärzte aller Erfahrungsstufen in der Lage zu sein, ihre Leistung zu verbessern.","Through raising the awareness of analyzing CT images in systematic patterns, physicians at all levels of experience seem to be able to improve their performance.",25,24
"1090","de","en","Dies ist in verschiedenen Handlungsfeldern jedoch dringend erforderlich, sollen Antibiotika auch in Zukunft für eine erfolgreiche Infektionsbehandlung zur Verfügung stehen.","To ensure that antibiotics will remain a reliable option for treating infectious diseases, targeted action is needed in various fields.",20,20
"1051","de","en","Angesichts dieser besonderen Herausforderungen haben mehrere Fachgesellschaften und Arbeitsgruppen spezifische Leitlinien und Empfehlungen zur Thromboseprophylaxe und -therapie bei Tumorpatienten veröffentlicht.","To meet these challenges, national and international guidelines for the prevention and treatment of venous thromboembolism in patients with cancer have been published.",23,20
"1053","de","en","Die Trabekulektomie zur operativen Augeninnendrucksenkung ist ein etabliertes Verfahren, das seine Limitationen vor allem in der postoperativen Wundheilung hat.","Trabeculectomy for the surgical reduction of internal eye pressure is an established procedure, but the principle limitations are in postoperative wound healing.",22,19
"962","de","en","2 Drittel der falsch positiven Befunde (3,7 %) waren auf eine fibrotische Stenose zurückzuführen.","Two-thirds of the false-positive findings (3.7 %) were due to fibrotic stenosis.",11,13
"778","de","en","Typische Knochenkörperchen und progrediente periphere Gesichtsfelder wurden bei allen Patienten beobachtet.","Typical bone spiculae were seen, and peripheral visual fields were progressively affected in all patients.",15,11
"941","de","en","Die Sonografie ist neben der konventionellen Röntgenaufnahme die am häufigsten verwendete diagnostische Methode im klinischen Alltag.","Ultrasound is the most commonly used diagnostic method in everyday clinical practice aside from conventional radiography.",16,16
"811","de","en","Leider sind Schmerzlinderung und Lebensqualität bei den anderen lokalen Behandlungsmethoden nur selten untersucht.","Unfortunately, pain palliation and quality-of-life outcomes are only rarely reported for other local treatment modalities.",15,13
"1010","de","en","Mithilfe eines generalisierten, linearen Regressionsmodels werden regionale Verschiebungen ambulanter Fälle in der Notfallbehandlung zwischen dem ambulanten und stationären Sektor untersucht.","Using generalized linear models (GLM), we examined regional shifts in emergency cases being treated in ambulatory and inpatient settings.",19,20
"1054","de","en","Verschiedene Antimetabolite werden bereits standardmäßig zur Vermeidung der postoperativen subkonjunktivalen Vernarbungsreaktion verwendet.","Various antimetabolites are regularly used to avoid postoperative subconjunctival scarring.",10,12
"812","de","en","Eine Vielzahl an lokal ablativen Behandlungsmodalitäten sind zur Tumormassenreduktion beim fortgeschrittenen Pankreaskarzinom verfügbar, bieten aber unterschiedlichen symptomatischen Nutzen.","Various local ablative treatment modalities are available and feasible for tumor mass reduction of advanced pancreatic cancer but with different symptomatic benefit for patients.",24,18
"998","de","en","Es zeigte sich ein statistisch hochsignifikanter Zusammenhang zwischen den oben genannten bei CMD häufig vorzufindenden degenerativen Veränderungen einerseits und Zeichen der Synovialitis andererseits.","We found a statistically high and significant correlation between the degenerative changes as mentioned above and the intensity of synovial enhancement.",21,23
"1052","de","en","Über diese soll im Folgenden ein Überblick gegeben werden.","We provide a summary of these specific recommendations.",8,9
"1006","de","en","What Role Does Synovitis Play in Craniomandibular Dysfunction (CMD)?","What Role Does Synovitis Play in Craniomandibular Dysfunction (CMD)?",9,9
"1023","de","en","In der Erwachsenenchirurgie kommen jedoch zunehmend Netze zur Anwendung.","With adult patients, meshes are being increasingly used.",8,9
"902","de","en","Mit zunehmendem Alter sowie bei Komorbiditäten wurde häufiger eine stationäre AR in Anspruch genommen.","With increasing age as well as comorbidities patients use more inpatient rehabilitation.",12,14
"875","de","en","Aus grauer Literatur konnten 4 Veröffentlichungen als relevant identifiziert werden.","Within grey literature research, 4 relevant publications could be identified.",10,10
